{"score": 43248.7734375, "increment": 23, "autoclickers": 19, "prestige_level": 8, "prestige_cost": 781250, "upgrade_cost": 71140, "autoclicker_cost": 110242, "last_played": 1740501654.9381933}